{"name":"05b31ea4-5548-4f36-bb89-85cde7a3f6c8","id":"/providers/Microsoft.Flow/flows/05b31ea4-5548-4f36-bb89-85cde7a3f6c8","type":"Microsoft.Flow/flows","properties":{"apiId":"/providers/Microsoft.PowerApps/apis/shared_logicflows","displayName":"PowerApps button","definition":{"metadata":{"workflowEntityId":null,"creator":{"id":"f4d394f8-7b8f-434b-890b-c9bf38b20de3","type":"User","tenantId":"989f7afc-210a-4a7a-89a4-9fe50619a887"},"provisioningMethod":"FromDefinition","failureAlertSubscription":true,"clientLastModifiedTime":"2018-10-01T11:08:02.3435549Z"},"$schema":"https://schema.management.azure.com/providers/Microsoft.Logic/schemas/2016-06-01/workflowdefinition.json#","contentVersion":"1.0.0.0","parameters":{"$connections":{"defaultValue":{},"type":"Object"},"$authentication":{"defaultValue":{},"type":"SecureObject"}},"triggers":{"manual":{"type":"Request","kind":"PowerApp","inputs":{"schema":{"type":"object","required":["Createitem_Title","Createitem_StartDate","Createitem_EndDate","Createitem_ReasonForLeave"],"properties":{"Createitem_Title":{"type":"string","x-ms-powerflows-param-ispartial":false},"Createitem_StartDate":{"type":"string","format":"date","x-ms-powerflows-param-ispartial":false},"Createitem_EndDate":{"type":"string","format":"date","x-ms-powerflows-param-ispartial":false},"Createitem_ReasonForLeave":{"type":"string","x-ms-powerflows-param-ispartial":false}}}}}},"actions":{"Start_an_approval":{"runAfter":{},"metadata":{"flowSystemMetadata":{"swaggerOperationId":"approvalSubscribeV2"}},"type":"ApiConnectionWebhook","inputs":{"host":{"api":{"runtimeUrl":"https://india-001.azure-apim.net/apim/approvals"},"connection":{"name":"@json(decodeBase64(triggerOutputs().headers['X-MS-APIM-Tokens']))['$connections']['shared_approvals']['connectionId']"}},"body":{"notificationUrl":"@{listCallbackUrl()}","title":"New Leave Request","assignedTo":"Manager@infowebsp.onmicrosoft.com"},"path":"/types/@{encodeURIComponent('Basic')}/$subscriptions","authentication":{"type":"Raw","value":"@json(decodeBase64(triggerOutputs().headers['X-MS-APIM-Tokens']))['$ConnectionKey']"}}},"Condition":{"actions":{"Create_item":{"runAfter":{},"metadata":{"flowSystemMetadata":{"swaggerOperationId":"PostItem"}},"type":"ApiConnection","inputs":{"host":{"api":{"runtimeUrl":"https://india-001.azure-apim.net/apim/sharepointonline"},"connection":{"name":"@json(decodeBase64(triggerOutputs().headers['X-MS-APIM-Tokens']))['$connections']['shared_sharepointonline']['connectionId']"}},"method":"post","body":{"Title":"@triggerBody()['Createitem_Title']","Type_x0020_of_x0020_Leave":"@triggerBody()['Createitem_TypeofLeaveValue']","Start_x0020_Date":"@triggerBody()['Createitem_StartDate']","End_x0020_Date":"@triggerBody()['Createitem_EndDate']","Reason_x0020_For_x0020_Leave":"@triggerBody()['Createitem_ReasonForLeave']","Manager":{"Claims":"@body('Get_user_profile_(V2)')?['displayName']"},"Status":{"Value":"Approved"}},"path":"/datasets/@{encodeURIComponent(encodeURIComponent('https://infowebsp.sharepoint.com/'))}/tables/@{encodeURIComponent(encodeURIComponent('9298c27e-5052-456f-9d1d-e67bf7f9548d'))}/items","authentication":{"type":"Raw","value":"@json(decodeBase64(triggerOutputs().headers['X-MS-APIM-Tokens']))['$ConnectionKey']"}}}},"runAfter":{"Get_user_profile_(V2)":["Succeeded"]},"else":{"actions":{"Create_item_2":{"runAfter":{},"metadata":{"flowSystemMetadata":{"swaggerOperationId":"PostItem"}},"type":"ApiConnection","inputs":{"host":{"api":{"runtimeUrl":"https://india-001.azure-apim.net/apim/sharepointonline"},"connection":{"name":"@json(decodeBase64(triggerOutputs().headers['X-MS-APIM-Tokens']))['$connections']['shared_sharepointonline']['connectionId']"}},"method":"post","body":{"Title":"@triggerBody()['Createitem_Title']","Type_x0020_of_x0020_Leave":"@triggerBody()['Createitem_TypeofLeaveValue']","Start_x0020_Date":"@triggerBody()['Createitem_StartDate']","End_x0020_Date":"@triggerBody()['Createitem_EndDate']","Reason_x0020_For_x0020_Leave":"@triggerBody()['Createitem_ReasonForLeave']","Manager":{"Claims":"@body('Get_user_profile_(V2)')?['displayName']"},"Status":{"Value":"Rejected"}},"path":"/datasets/@{encodeURIComponent(encodeURIComponent('https://infowebsp.sharepoint.com/'))}/tables/@{encodeURIComponent(encodeURIComponent('9298c27e-5052-456f-9d1d-e67bf7f9548d'))}/items","authentication":{"type":"Raw","value":"@json(decodeBase64(triggerOutputs().headers['X-MS-APIM-Tokens']))['$ConnectionKey']"}}}}},"expression":"@equals(body('Start_an_approval')?['response'], 'Approve')","type":"If"},"Get_user_profile_(V2)":{"runAfter":{"Start_an_approval":["Succeeded"]},"metadata":{"flowSystemMetadata":{"swaggerOperationId":"UserProfile_V2"}},"type":"ApiConnection","inputs":{"host":{"api":{"runtimeUrl":"https://india-001.azure-apim.net/apim/office365users"},"connection":{"name":"@json(decodeBase64(triggerOutputs().headers['X-MS-APIM-Tokens']))['$connections']['shared_office365users']['connectionId']"}},"method":"get","path":"/codeless/v1.0/users/@{encodeURIComponent(body('Start_an_approval')?['responder']?['email'])}","authentication":{"type":"Raw","value":"@json(decodeBase64(triggerOutputs().headers['X-MS-APIM-Tokens']))['$ConnectionKey']"}}}},"outputs":{},"description":"Create one or more actions to happen when a button or link in PowerApps is selected. To use this flow from a PowerApp, select the control you want to trigger the flow and go to the Action tab in the PowerApps ribbon and select Flows."},"connectionReferences":{"shared_approvals":{"connectionName":"shared-approvals-f65b5328-ab5e-4ba7-9476-8191398f40d8","source":"Invoker","id":"/providers/Microsoft.PowerApps/apis/shared_approvals","tier":"NotSpecified"},"shared_sharepointonline":{"connectionName":"ee250612028645c8bf9331b471d6a989","source":"Invoker","id":"/providers/Microsoft.PowerApps/apis/shared_sharepointonline","tier":"NotSpecified"},"shared_office365users":{"connectionName":"shared-office365user-daab848c-93e4-4496-82b4-c048d2b03382","source":"Invoker","id":"/providers/Microsoft.PowerApps/apis/shared_office365users","tier":"NotSpecified"}},"flowFailureAlertSubscribed":false}}