{"schemaVersion":"1.0","appDefinitionTemplate":{"id":"/providers/Microsoft.PowerApps/apps/","type":"Microsoft.PowerApps/apps","tags":{"minimumRequiredApiVersion":"2.2.0"},"properties":{"appVersion":"2018-10-01T11:28:01Z","lifeCycleId":"Published","createdByClientVersion":{"major":3,"minor":18093,"build":28,"revision":0,"majorRevision":0,"minorRevision":0},"minClientVersion":{"major":3,"minor":18093,"build":28,"revision":0,"majorRevision":0,"minorRevision":0},"backgroundColor":"rgba(0, 134, 208, 1)","backgroundImageUri":"/4764499046577565744/N249acac3-8386-4e71-8204-d86207ae59aa-logoSmallFile","displayName":"Leave Request","description":"","appUris":{"documentUri":{"value":"/4764499046577565744/N1cdedaef-cfd3-4ed0-b5b8-5e8ee52812bb-document.msapp","readonlyValue":"/4764499046577565744/N1cdedaef-cfd3-4ed0-b5b8-5e8ee52812bb-document.msapp"},"imageUris":[]},"createdTime":"0001-01-01T00:00:00Z","lastModifiedTime":"0001-01-01T00:00:00Z","sharedGroupsCount":0,"sharedUsersCount":0,"icons":{"smallIconUri":"/4764499046577565744/N4cd511bd-9cb0-4728-9892-1f79093a7ca2-small.png","mediumIconUri":"/4764499046577565744/Nf2abebed-ea83-414f-b3bf-9b1d7a04f393-medium.png","largeIconUri":"/4764499046577565744/N88f30720-f173-4f11-8bb2-27f19848fd18-large.png","wideIconUri":"/4764499046577565744/N64ddc0fd-ff59-4aac-8994-6b5569e0928d-wide.png"},"connectionReferences":{"34df5863-ebb7-4159-86a8-acc21a7dfd72":{"id":"1fa5c5dc-34d5-4df1-94b6-d58da5514e15","displayName":"SharePoint","iconUri":"https://connectoricons-prod.azureedge.net/sharepointonline/icon_1.0.1008.1183.png","dataSources":["Leave Request"],"dependencies":[],"dependents":["911f2620-9ec8-41c8-b1dd-25285a560fa8"],"parameterHints":{},"isOnPremiseConnection":false,"bypassConsent":false,"dataSets":{"https://infowebsp.sharepoint.com/":{"dataSources":{"Leave Request":{"tableName":"9298c27e-5052-456f-9d1d-e67bf7f9548d"}}}},"apiTier":"Standard"},"911f2620-9ec8-41c8-b1dd-25285a560fa8":{"id":"3c525d95-579f-4a4a-bafc-2c691e914d0e","displayName":"Logic flows","iconUri":"https://resourcestackdeploy.blob.core.windows.net/scripts/13276078.png","dataSources":["PowerAppsbutton"],"dependencies":["cf778c7c-f80f-4759-83ac-da4ef5fbc656","34df5863-ebb7-4159-86a8-acc21a7dfd72","8295652a-eb67-40d8-b755-a414742e8ee5"],"dependents":[],"parameterHints":{"workflowName":{"value":"2b461ab1-95be-4cc8-8e09-4cb0cddea24d"},"cf778c7c-f80f-4759-83ac-da4ef5fbc656":{"value":"shared_approvals"},"34df5863-ebb7-4159-86a8-acc21a7dfd72":{"value":"shared_sharepointonline"},"8295652a-eb67-40d8-b755-a414742e8ee5":{"value":"shared_office365users"}},"isOnPremiseConnection":false,"bypassConsent":false,"dataSets":{},"apiTier":"Standard"},"cf778c7c-f80f-4759-83ac-da4ef5fbc656":{"id":"2c07cd3e-f54e-4ebc-9b44-4f31d8bf79f6","displayName":"Approvals","iconUri":"https://psux.azureedge.net/Content/Images/Connectors/Approvals3.svg","dataSources":[],"dependencies":[],"dependents":["911f2620-9ec8-41c8-b1dd-25285a560fa8"],"parameterHints":{},"isOnPremiseConnection":false,"bypassConsent":false,"dataSets":{},"apiTier":"Standard"},"8295652a-eb67-40d8-b755-a414742e8ee5":{"id":"d1f58aec-2c59-4717-a7a9-5203211fa8e0","displayName":"Office 365 Users","iconUri":"https://connectoricons-prod.azureedge.net/office365users/icon_1.0.1002.1175.png","dataSources":[],"dependencies":[],"dependents":["911f2620-9ec8-41c8-b1dd-25285a560fa8"],"parameterHints":{},"isOnPremiseConnection":false,"bypassConsent":false,"dataSets":{},"apiTier":"Standard"}},"almMode":"Environment"}}}